<?xml version="1.0" encoding="UTF-8"?>
<beans xmlns="http://www.springframework.org/schema/beans"
	xmlns:xsi="http://www.w3.org/2001/XMLSchema-instance"
	xmlns:mvc="http://www.springframework.org/schema/mvc"
	xmlns:context="http://www.springframework.org/schema/context"
	xsi:schemaLocation="http://www.springframework.org/schema/mvc http://www.springframework.org/schema/mvc/spring-mvc-4.3.xsd
		http://www.springframework.org/schema/beans http://www.springframework.org/schema/beans/spring-beans.xsd
		http://www.springframework.org/schema/context http://www.springframework.org/schema/context/spring-context-4.3.xsd">
	<mvc:annotation-driven/>
	
	<mvc:default-servlet-handler/>
	
	<mvc:view-resolvers>
		<mvc:jsp prefix="/WEB-INF/views/"/>
	</mvc:view-resolvers>
	
	<mvc:view-controller path="/" view-name="index"/>	

	<context:component-scan base-package="com.green.controller"/>
	
	<bean id="boardService" class="com.green.service.BoardService"></bean>
	<bean id="productService" class="com.green.service.ProductService"></bean>
	<bean id="signUpService" class="com.green.service.SignUpService"></bean>
	<bean id="signInService" class="com.green.service.SignInService"></bean>
	<bean id="chargePointService" class="com.green.service.ChargePointService"></bean>
	
	<bean id="boardDAO" class="com.green.dao.BoardDAO"></bean>
	<bean id="prodcutDAO" class="com.green.dao.ProductDAO"></bean>
	<bean id="memberDAO" class="com.green.dao.MemberDAO"></bean>
</beans>
